Ticker,Daily Return,Beta,Annual Volatility,Agglomerative Cluster,KMeans Cluster,KMeans Cluster Label
A,-1.5772895750155086e-06,1.0248008744778216,0.2962588905758548,0,2,Balanced / Moderate Risk
AAPL,0.0005911302330766536,1.2106889770888518,0.2709351196017899,0,2,Balanced / Moderate Risk
ABBV,0.0006099180864918194,0.2990978845319059,0.21995782763077132,0,0,Defensive / Lower Risk
ABNB,7.360613968760487e-05,1.6662563146251141,0.4678751338978284,1,2,Balanced / Moderate Risk
ABT,-0.00010574504054548336,0.6723168596039903,0.21783916982893875,0,0,Defensive / Lower Risk
ACGL,0.0011646495347312185,0.5697889686750048,0.2539970394703867,0,0,Defensive / Lower Risk
ACN,1.0631572669552157e-05,1.09420750720408,0.2703312875668762,0,2,Balanced / Moderate Risk
ADBE,-2.165843214604344e-05,1.4479742795178576,0.38308278265182505,1,2,Balanced / Moderate Risk
ADI,0.0005141876180020732,1.3399293051593633,0.3180580631396342,1,2,Balanced / Moderate Risk
ADM,-0.0001105318790278951,0.5511995103276691,0.29404335111631485,0,0,Defensive / Lower Risk
ADP,0.0004234822257763153,0.8271981028932561,0.22121254090590564,0,0,Defensive / Lower Risk
ADSK,0.00031780454532890246,1.5586651097640762,0.3647118157717394,1,2,Balanced / Moderate Risk
AEE,0.00021286407778787318,0.42049121286390617,0.20459659258442767,0,0,Defensive / Lower Risk
AEP,0.00029180946686288583,0.4252646187778828,0.2100287500566155,0,0,Defensive / Lower Risk
AES,-0.00046189715831813737,1.0158959105134069,0.35744544218550095,0,2,Balanced / Moderate Risk
AFL,0.0009478863586771856,0.6077796020077801,0.21400310785990762,0,0,Defensive / Lower Risk
AIG,0.000550114305930279,0.9056794394687446,0.26845998843168495,0,0,Defensive / Lower Risk
AIZ,0.000616448416777327,0.5870541166947857,0.257664328200821,0,0,Defensive / Lower Risk
AJG,0.0008396432415719652,0.7067308781995372,0.21336877003713273,0,0,Defensive / Lower Risk
AKAM,-0.0001153668427087921,0.7862351632977633,0.2805672887264232,0,0,Defensive / Lower Risk
ALB,-0.0007304871923227732,1.5255877108321887,0.534911367547115,1,2,Balanced / Moderate Risk
ALGN,-0.0009658993072122063,1.6705279919693208,0.5204274920686686,1,2,Balanced / Moderate Risk
ALL,0.0008884255264403479,0.545191808509715,0.26043303405311596,0,0,Defensive / Lower Risk
ALLE,0.00021458980880367855,0.9835716422506217,0.26530245825713183,0,0,Defensive / Lower Risk
AMAT,0.0004231013117874242,1.792212166718914,0.42912677924298315,1,2,Balanced / Moderate Risk
AMCR,-1.082127900268719e-05,0.7637367256896263,0.2398991062972515,0,0,Defensive / Lower Risk
AMD,0.00025448316890890396,2.06474872380768,0.5241874738860685,1,1,Aggressive / Higher Risk
AME,0.0004210200777794288,0.8291260551739005,0.21642246245548116,0,0,Defensive / Lower Risk
AMGN,0.0004146594092163734,0.4271303397683687,0.22844591625717028,0,0,Defensive / Lower Risk
AMP,0.0009622251406782349,1.1837667564860421,0.280278962252997,0,0,Defensive / Lower Risk
AMT,-0.0003147754103646626,0.7058121455514099,0.27927145055395475,0,0,Defensive / Lower Risk
AMZN,0.0006272646500942056,1.606885068407935,0.38332137569924385,1,2,Balanced / Moderate Risk
ANET,0.0018756940642556108,1.524891122545982,0.4317547917391169,1,1,Aggressive / Higher Risk
AON,0.000403322967985311,0.7155116425305525,0.22702843660626484,0,0,Defensive / Lower Risk
AOS,-4.6598226926145074e-05,0.9244504424742925,0.27867319128378476,0,2,Balanced / Moderate Risk
APA,0.00025218798529654375,0.9718476697440276,0.45460658275523913,0,2,Balanced / Moderate Risk
APD,0.00021604469919018408,0.7290669387431052,0.27188523847908147,0,0,Defensive / Lower Risk
APH,0.0007972856507773226,1.1474247250967085,0.2534209402725377,0,0,Defensive / Lower Risk
APO,0.0014596106210944483,1.42642201123004,0.3621209012377206,1,1,Aggressive / Higher Risk
APP,0.0028019792920536807,2.2619330004579874,0.7883744779749065,2,1,Aggressive / Higher Risk
APTV,-0.0009912094899789088,1.496813853207838,0.4186534891103111,1,2,Balanced / Moderate Risk
ARE,-0.0007332967799129092,0.9942725579037329,0.3075150869885054,0,2,Balanced / Moderate Risk
ARES,0.0014415792497568295,1.4810724677785008,0.35240875199398664,1,1,Aggressive / Higher Risk
ATO,0.0005518146683121787,0.46872150919214745,0.1931737734783316,0,0,Defensive / Lower Risk
AVB,5.707248475199924e-05,0.7267103252291983,0.22915099264047764,0,0,Defensive / Lower Risk
AVGO,0.002100918031395404,1.5619831104821473,0.4223882980926299,1,1,Aggressive / Higher Risk
AVY,3.369770124487224e-05,0.9393390852363384,0.25215976246614447,0,0,Defensive / Lower Risk
AWK,-0.0003366277335406794,0.636069305429874,0.2299497552746808,0,0,Defensive / Lower Risk
AXON,0.0021975481232815153,1.2175407614179663,0.45073840414402955,1,1,Aggressive / Higher Risk
AXP,0.000974106797608164,1.1213713567124661,0.289949379602609,0,0,Defensive / Lower Risk
AZO,0.000713061114352323,0.557121451594074,0.24207092019087154,0,0,Defensive / Lower Risk
BA,5.8326519194768094e-05,1.0755508419155626,0.3694971782388874,0,2,Balanced / Moderate Risk
BAC,0.00018891192774499364,0.9785983446408053,0.2757176192271061,0,0,Defensive / Lower Risk
BALL,-0.00042599540908684884,0.9086442115434628,0.3321969664940198,0,2,Balanced / Moderate Risk
BAX,-0.0011708751339663882,0.5816844271215212,0.298554139255572,0,2,Balanced / Moderate Risk
BBY,0.00019796530744917843,1.0745372617215585,0.35633208464798827,0,2,Balanced / Moderate Risk
BDX,3.352574501338311e-05,0.49118782993183563,0.20817221588283408,0,0,Defensive / Lower Risk
BEN,-0.00026317179276449086,1.2154022535439981,0.320192525611334,0,2,Balanced / Moderate Risk
BF-B,-0.0006585139959971588,0.5896646903459353,0.25259434349554805,0,0,Defensive / Lower Risk
BG,2.1476439260339567e-05,0.5269503183194928,0.2911589279948865,0,0,Defensive / Lower Risk
BIIB,-0.00039858159200311375,0.8255386059604676,0.3512140075927356,0,2,Balanced / Moderate Risk
BK,0.0006146001287271619,0.9104868776486141,0.2508123321520526,0,0,Defensive / Lower Risk
BKNG,0.0011536655863405808,1.1334488549732866,0.32246979254954333,0,0,Defensive / Lower Risk
BKR,0.0009893584225114567,0.7135892424275067,0.34257680586396816,0,0,Defensive / Lower Risk
BLDR,0.0011354206089824136,1.5346368634892626,0.4585671942706465,1,1,Aggressive / Higher Risk
BLK,0.0004044233045633439,1.198911817291821,0.268608892495418,0,2,Balanced / Moderate Risk
BMY,0.00013712922635913122,0.28025106778205944,0.22964873162335836,0,0,Defensive / Lower Risk
BR,0.00047317999706506745,0.8762261829098322,0.23224756679484715,0,0,Defensive / Lower Risk
BRK-B,0.0006052247988126209,0.7043738346423276,0.17379274785783463,0,0,Defensive / Lower Risk
BRO,0.000670836131013721,0.8337113041377782,0.24472322266621085,0,0,Defensive / Lower Risk
BSX,0.0010626845493819062,0.6814709960362805,0.21757950603400683,0,0,Defensive / Lower Risk
BX,0.0008764324450829089,1.7079904603958214,0.40557259919053795,1,1,Aggressive / Higher Risk
BXP,-0.00016519700039562064,1.055544971030078,0.35149515402153875,0,2,Balanced / Moderate Risk
C,0.0004668510782257791,1.0144681475034594,0.28559885194296963,0,0,Defensive / Lower Risk
CAG,-1.1674172030102568e-05,0.275950472177807,0.21843245029285543,0,0,Defensive / Lower Risk
CAH,0.0012929616030809266,0.42077532243346205,0.23446021558988583,0,0,Defensive / Lower Risk
CARR,0.0005949932867331543,1.1561975445091008,0.3074576996973422,0,2,Balanced / Moderate Risk
CASY,0.0010871268545882646,0.6039870951391594,0.26240322395860266,0,0,Defensive / Lower Risk
CAT,0.0009978139238196696,0.9143528386882165,0.29549005904475645,0,0,Defensive / Lower Risk
CB,0.0006311242804858728,0.5133798944407876,0.2028469166199352,0,0,Defensive / Lower Risk
CBOE,0.0007078448054289987,0.3041391113181483,0.21637407623243698,0,0,Defensive / Lower Risk
CBRE,0.0004313477135350739,1.132832432864753,0.3022201119703044,0,2,Balanced / Moderate Risk
CCI,-0.0007548957871710569,0.702764824317826,0.2697503978287529,0,2,Balanced / Moderate Risk
CCL,0.0008818873200278639,1.9626705030170293,0.5833741386793058,1,1,Aggressive / Higher Risk
CDNS,0.0008973810757218556,1.414492820144079,0.34827193722799565,1,2,Balanced / Moderate Risk
CDW,-1.6750142569875892e-05,1.04104209293627,0.2765075430922433,0,2,Balanced / Moderate Risk
CF,0.0006091718012493636,0.5147449143488143,0.37217090945961356,0,0,Defensive / Lower Risk
CFG,0.0002867360547137444,1.1519817613560381,0.3602602474392411,0,2,Balanced / Moderate Risk
CHD,0.00016728499415551628,0.29572973959801196,0.202945509907332,0,0,Defensive / Lower Risk
CHRW,0.00022586030412930302,0.6317134686600023,0.304742459863419,0,0,Defensive / Lower Risk
CHTR,-0.0005581267568904522,0.9235477018981848,0.37895223727867194,0,2,Balanced / Moderate Risk
CI,0.0004311516660542803,0.46914398771379906,0.2712962833440262,0,0,Defensive / Lower Risk
CIEN,0.00043414253390848046,1.2563597685057644,0.3989975074204705,1,2,Balanced / Moderate Risk
CINF,0.0005704411570305276,0.7496535017617989,0.27161666133497236,0,0,Defensive / Lower Risk
CL,0.0002506100082074125,0.3078110556696028,0.17371309595144044,0,0,Defensive / Lower Risk
CLX,0.00016594473294376553,0.37209317161954664,0.26149356626758036,0,0,Defensive / Lower Risk
CMCSA,-0.00015237620268223877,0.7624807809625456,0.2611987758494817,0,0,Defensive / Lower Risk
CME,0.00030576473016507026,0.3836887745015025,0.20204788912158397,0,0,Defensive / Lower Risk
CMG,0.0009824817215372975,1.092849408777952,0.32879706483572557,0,0,Defensive / Lower Risk
CMI,0.0008488432007985855,0.8163172751027346,0.25585911204043765,0,0,Defensive / Lower Risk
CMS,0.00024452301553392404,0.3680930353794668,0.20011470620603145,0,0,Defensive / Lower Risk
CNC,-0.00023765918255835923,0.5096291979341634,0.29680092787145174,0,0,Defensive / Lower Risk
CNP,0.00037749672150610714,0.5060655571290102,0.21007027505147866,0,0,Defensive / Lower Risk
COF,0.0005717203900207317,1.2916116589720286,0.35466307726531476,1,2,Balanced / Moderate Risk
COHR,0.0010117203492947067,1.7614523562461406,0.5643306367164236,1,1,Aggressive / Higher Risk
COIN,0.0017681318466786122,2.9609591653634406,0.9538475500092551,2,1,Aggressive / Higher Risk
COO,-2.9926798863364207e-05,0.9436414591818116,0.277865804838324,0,2,Balanced / Moderate Risk
COP,0.0007538569761221624,0.5907980714604532,0.32548504577510273,0,0,Defensive / Lower Risk
COR,0.0008199814145379001,0.3609130795482954,0.19505897850884163,0,0,Defensive / Lower Risk
COST,0.0008096629411018122,0.8835417903950412,0.23872850520511368,0,0,Defensive / Lower Risk
CPAY,0.0006787937106698338,1.0859628108169737,0.2940685443168739,0,0,Defensive / Lower Risk
CPB,0.00016831583909493022,0.13366443560938,0.22311867472293623,0,0,Defensive / Lower Risk
CPRT,0.0007350548568496016,1.0927403829134061,0.2679182317742846,0,0,Defensive / Lower Risk
CPT,-0.00030263890508039484,0.7196612046255418,0.24014924597054627,0,0,Defensive / Lower Risk
CRH,0.0010677974493783964,1.1397623058303676,0.30452852733528907,0,0,Defensive / Lower Risk
CRL,-0.0005875903251676128,1.2640030024079072,0.39399674869044504,1,2,Balanced / Moderate Risk
CRM,0.0006599194887386284,1.435514359681025,0.3840663056994388,1,2,Balanced / Moderate Risk
CRWD,0.001279483120121469,1.7140235705731635,0.5272539716977549,1,1,Aggressive / Higher Risk
CSCO,0.00014480087820966506,0.7979333578713588,0.23079099438240422,0,0,Defensive / Lower Risk
CSGP,0.0001050728371946922,1.1330381551713868,0.3439519924361119,0,2,Balanced / Moderate Risk
CSX,-1.9746471086115308e-05,0.8190793594364404,0.23733406400255386,0,0,Defensive / Lower Risk
CTAS,0.0008675234149591899,0.9148338505117732,0.23019022556202515,0,0,Defensive / Lower Risk
CTRA,0.0008158615998836311,0.6993985212592556,0.3465554880818565,0,0,Defensive / Lower Risk
CTSH,6.2771523458264204e-06,0.9784015547675537,0.2679149458819379,0,2,Balanced / Moderate Risk
CTVA,0.0004551328343112951,0.6500900850632916,0.27900799736056464,0,0,Defensive / Lower Risk
CVNA,0.003219470226556454,3.2940680996994947,1.341038783329175,2,1,Aggressive / Higher Risk
CVS,-0.0008161332813281191,0.5248969933432112,0.29540970396203353,0,0,Defensive / Lower Risk
CVX,0.0005446818619727762,0.5230757219025892,0.2576931797962774,0,0,Defensive / Lower Risk
D,-0.0002047929509161467,0.3860049843992888,0.23407356536305876,0,0,Defensive / Lower Risk
DAL,0.0008312008309318664,1.2619152615367215,0.3685134375778703,1,2,Balanced / Moderate Risk
DASH,0.00087502870050694,2.00491822199532,0.5876445186780712,1,1,Aggressive / Higher Risk
DD,0.00015836351084119,0.989186169587187,0.27874485015125816,0,2,Balanced / Moderate Risk
DDOG,0.0005038249907150339,1.9508667249068952,0.5917185610558077,1,1,Aggressive / Higher Risk
DE,0.0004754250324914704,0.765622052523387,0.2898118334448666,0,0,Defensive / Lower Risk
DECK,0.0019152606916182375,1.2795943363998754,0.4062332080323051,1,1,Aggressive / Higher Risk
DELL,0.0014548501227113456,1.3277484427398913,0.46960636312644216,1,1,Aggressive / Higher Risk
DG,-0.0011438235797790752,0.525848907527924,0.37865411135893745,0,2,Balanced / Moderate Risk
DGX,5.763201835087946e-05,0.4652945693405858,0.21344884164587083,0,0,Defensive / Lower Risk
DHI,0.0006691881989466239,1.158004120041726,0.3572085956484189,1,2,Balanced / Moderate Risk
DHR,-0.00010026966311035849,0.9624427113179502,0.2725353962403977,0,2,Balanced / Moderate Risk
DIS,-0.0002558140429135665,1.032373680815391,0.30274594923502735,0,2,Balanced / Moderate Risk
DLR,0.00035490848306189677,0.9776107951289531,0.30888382659241576,0,2,Balanced / Moderate Risk
DLTR,-0.0005473302288042449,0.6832756617422564,0.3805503309687773,0,2,Balanced / Moderate Risk
DOC,-0.00041466847084203586,0.7811931810641605,0.2670214166781351,0,0,Defensive / Lower Risk
DOV,0.00023849183470374077,0.9716154963685986,0.24389421048003693,0,0,Defensive / Lower Risk
DOW,-0.00013635392062665938,0.7740698958851312,0.2462316654747464,0,0,Defensive / Lower Risk
DPZ,-0.00012597450012968978,0.7668968628534079,0.3080201279559195,0,0,Defensive / Lower Risk
DRI,0.0005865080871737065,0.8262270282082009,0.27183554606878524,0,0,Defensive / Lower Risk
DTE,0.00022996011119484833,0.4117993011437814,0.19989058619296865,0,0,Defensive / Lower Risk
DUK,0.0002855580330795833,0.35079476645639307,0.1882466737153282,0,0,Defensive / Lower Risk
DVA,0.0006324527361617414,0.5221436855863986,0.3715020781879703,0,0,Defensive / Lower Risk
DVN,0.00010258452233414327,0.8663413090500587,0.39691658038904104,0,2,Balanced / Moderate Risk
DXCM,-0.00014175669980953269,1.1939262012625445,0.5037477188445376,1,2,Balanced / Moderate Risk
EA,0.0002248156953555342,0.5952203406074951,0.2183951600415178,0,0,Defensive / Lower Risk
EBAY,0.000170055113618323,1.0769116741380027,0.30805459911000693,0,2,Balanced / Moderate Risk
ECL,0.00020516064471986205,0.9800931557912372,0.25806296848976656,0,0,Defensive / Lower Risk
ED,0.00027289433330053304,0.32025592756920296,0.18937412314395094,0,0,Defensive / Lower Risk
EFX,9.232302714790621e-05,1.2002618822628686,0.32393131090423233,0,2,Balanced / Moderate Risk
EG,0.0006010104051509371,0.5792619928799905,0.2666392106592592,0,0,Defensive / Lower Risk
EIX,0.0004831262258305184,0.5854367633877722,0.22649629101474147,0,0,Defensive / Lower Risk
EL,-0.0016952727824716331,1.2460962085677716,0.4223024017266628,1,2,Balanced / Moderate Risk
ELV,-0.00013324281608448473,0.5074774738524981,0.25061176126423934,0,0,Defensive / Lower Risk
EME,0.0018713438307011515,0.893258064149773,0.2891579057336845,0,0,Defensive / Lower Risk
EMR,0.0006141791878410619,0.9329923879657674,0.2538295437767499,0,0,Defensive / Lower Risk
EOG,0.0008175602987483304,0.6137325666593179,0.33600354596159887,0,0,Defensive / Lower Risk
EPAM,-0.0005525185117069475,1.5195260164080022,0.6023634033512658,1,2,Balanced / Moderate Risk
EQIX,0.00039934638332114996,0.971197309585721,0.28698339581213084,0,0,Defensive / Lower Risk
EQR,-6.586933628283139e-05,0.7466957795866611,0.2315541056831269,0,0,Defensive / Lower Risk
EQT,0.0014460960239169377,0.9613590764678079,0.44019578897784695,1,1,Aggressive / Higher Risk
ERIE,0.0012400240071436337,0.573795552954188,0.2834454742452925,0,0,Defensive / Lower Risk
ES,-0.00031725310385836525,0.4555338623287333,0.23778094825359122,0,0,Defensive / Lower Risk
ESS,-2.9174027878558666e-05,0.7683839805593715,0.24523571275579337,0,0,Defensive / Lower Risk
ETN,0.0011201626944566461,1.0690138856096587,0.27521541534356064,0,0,Defensive / Lower Risk
ETR,0.0006743704637522844,0.43942957909228486,0.23193232941571165,0,0,Defensive / Lower Risk
EVRG,0.00011403374238036383,0.44871666896980716,0.20275972137163953,0,0,Defensive / Lower Risk
EW,-0.0004415104845706474,0.9490001221901242,0.36832970169404483,0,2,Balanced / Moderate Risk
EXC,0.0001346966567900658,0.459142881999202,0.21904986173654936,0,0,Defensive / Lower Risk
EXE,0.0010230027918262535,0.7653192713344263,0.35576732918980064,0,0,Defensive / Lower Risk
EXPD,-4.793070558592121e-05,0.8162417479225859,0.25135331859925636,0,0,Defensive / Lower Risk
EXPE,0.0004065874126541414,1.3586585606261148,0.44476883984971555,1,2,Balanced / Moderate Risk
EXR,-0.00016400230557558196,0.8865889816072882,0.305695846251195,0,2,Balanced / Moderate Risk
F,-0.0004510338884839515,1.3713362703322916,0.40563156212111345,1,2,Balanced / Moderate Risk
FANG,0.000978906812307926,0.7137873792575632,0.35839687862582825,0,0,Defensive / Lower Risk
FAST,0.0004216911983551999,0.8719372804749745,0.2467138528779668,0,0,Defensive / Lower Risk
FCX,0.00029849032622591813,1.3469743945856993,0.42268637017670946,1,2,Balanced / Moderate Risk
FDS,0.00016169384363703314,0.7938366702025823,0.23946892361791677,0,0,Defensive / Lower Risk
FDX,0.00042946784724201103,0.9454696145449742,0.3410379921614164,0,2,Balanced / Moderate Risk
FE,0.0001928576306520646,0.43178879300855055,0.1976851259727774,0,0,Defensive / Lower Risk
FFIV,0.00021350602004749112,1.1022566669808707,0.28938956552266526,0,2,Balanced / Moderate Risk
FICO,0.0022668718533206175,1.2480462201359832,0.3746982315207208,1,1,Aggressive / Higher Risk
FIS,-0.00010051272015084174,1.0143117446711865,0.3486233701892166,0,2,Balanced / Moderate Risk
FISV,0.0009725309820480076,0.8903202962769422,0.2383078108016412,0,0,Defensive / Lower Risk
FITB,0.0003167979587841192,1.1345598166324111,0.339046875841829,0,2,Balanced / Moderate Risk
FIX,0.002263761278122027,1.2159693409149128,0.3883321202042465,1,1,Aggressive / Higher Risk
FOX,0.0005456288630652458,0.6855335499543516,0.2523687832644957,0,0,Defensive / Lower Risk
FOXA,0.0005316956375383373,0.671318931211614,0.26008911375790167,0,0,Defensive / Lower Risk
FRT,1.93243169116892e-06,0.8100639981421714,0.23739588412992482,0,0,Defensive / Lower Risk
FSLR,0.0014541907043624247,1.0553355411573333,0.5283668502452736,1,1,Aggressive / Higher Risk
FTNT,0.0008723853654652159,1.3697675302802272,0.44951048338613003,1,1,Aggressive / Higher Risk
FTV,0.00016547421023073674,1.032551595783382,0.24836041820120386,0,0,Defensive / Lower Risk
GD,0.0004840778649561382,0.5622111679964001,0.19961466020105373,0,0,Defensive / Lower Risk
GDDY,0.001304733099208816,1.0515788154742132,0.29846167243883304,0,0,Defensive / Lower Risk
GE,0.0015617543739721456,1.0273777193651223,0.30247927259940777,0,0,Defensive / Lower Risk
GEN,0.00034252416971676053,0.7510693548805975,0.3192735943159525,0,0,Defensive / Lower Risk
GILD,0.0005931591333856921,0.44947718640152146,0.23583324564335326,0,0,Defensive / Lower Risk
GIS,0.0001327640303249558,0.13324885509858211,0.198433071916402,0,0,Defensive / Lower Risk
GL,0.0007013360026968464,0.5940554596306343,0.41683462567369495,0,0,Defensive / Lower Risk
GLW,0.0005983060131198339,0.948474458472355,0.2729794130614574,0,0,Defensive / Lower Risk
GM,0.00011895885146169723,1.276012638452518,0.36854411280989674,0,2,Balanced / Moderate Risk
GNRC,-0.0004513723869177354,1.8475703510465333,0.5545900495512087,1,2,Balanced / Moderate Risk
GOOG,0.000579519743336758,1.3375243779979804,0.327620622078794,1,2,Balanced / Moderate Risk
GOOGL,0.0005719991696560013,1.3355992699653243,0.3274407535545088,1,2,Balanced / Moderate Risk
GPC,3.500269626210013e-05,0.7284113568496923,0.27174573460240464,0,0,Defensive / Lower Risk
GPN,-5.211005254563762e-05,1.1631464679450811,0.33547129485441596,0,2,Balanced / Moderate Risk
GRMN,0.0008406969455716821,0.912898052527893,0.29288968950504357,0,0,Defensive / Lower Risk
GS,0.0007395344451411475,1.008670412925624,0.26526414469016835,0,0,Defensive / Lower Risk
GWW,0.0011341490612927795,0.8146122048709725,0.25439309086517997,0,0,Defensive / Lower Risk
HAL,0.0005468455613354225,0.8236559275791725,0.3951820040607216,0,2,Balanced / Moderate Risk
HAS,-0.00041067442947677807,0.8990289424986132,0.32933095007425395,0,2,Balanced / Moderate Risk
HBAN,0.00044502845772576564,1.0413924774210266,0.32810255571395913,0,2,Balanced / Moderate Risk
HCA,0.0004493180335253475,0.8474289260029736,0.3066626215258989,0,0,Defensive / Lower Risk
HD,0.00015953605480320397,0.9235387633453924,0.24904255980763632,0,0,Defensive / Lower Risk
HIG,0.0007904611688648312,0.6922210413532455,0.22699648933762331,0,0,Defensive / Lower Risk
HII,0.0002804685815572861,0.5683520785789553,0.28511114145756644,0,0,Defensive / Lower Risk
HLT,0.0007844902899780342,1.0534442113311424,0.2710863980967904,0,0,Defensive / Lower Risk
HON,0.0002865676009445977,0.7714792397457043,0.20650360039393106,0,0,Defensive / Lower Risk
HOOD,0.0017684602613867817,1.9848279564216902,0.6517594922190679,1,1,Aggressive / Higher Risk
HPE,0.0007214284766776437,1.1210483089306362,0.34181118444933606,1,2,Balanced / Moderate Risk
HPQ,0.00015604805171661674,1.1435925926888344,0.3387824313835231,0,2,Balanced / Moderate Risk
HRL,-0.0003760315739141726,0.23660775243755,0.23260305355209726,0,0,Defensive / Lower Risk
HSIC,-2.5727876980214722e-05,0.6037438464227017,0.2499198214540694,0,0,Defensive / Lower Risk
HST,0.0003557653578338722,1.1114554336179363,0.30911581640189995,0,2,Balanced / Moderate Risk
HSY,2.950832047299349e-06,0.2717954795726911,0.21290530221837325,0,0,Defensive / Lower Risk
HUBB,0.001184431467273927,0.970792266519675,0.2928911024358059,0,0,Defensive / Lower Risk
HUM,-0.0005328894917612333,0.408352840076114,0.3417597862333173,0,0,Defensive / Lower Risk
HWM,0.0018174721534847387,1.0925727916638304,0.3060030575610878,0,0,Defensive / Lower Risk
IBKR,0.0012889865121227873,0.8700948483451809,0.3044411476033202,0,0,Defensive / Lower Risk
IBM,0.0009044754877692362,0.5742066691540638,0.21317715147506805,0,0,Defensive / Lower Risk
ICE,0.0002896767528324163,0.7605878783215423,0.21543040111732323,0,0,Defensive / Lower Risk
IDXX,-0.00033003546353246546,1.2693637030766651,0.34244354931517834,0,2,Balanced / Moderate Risk
IEX,2.0592044528592377e-05,0.8197878963548489,0.2264685005477931,0,0,Defensive / Lower Risk
IFF,-0.00041653757071547035,0.900787382749006,0.32724748287012745,0,2,Balanced / Moderate Risk
INCY,5.461490734267392e-05,0.5178184564297522,0.27185530005654196,0,0,Defensive / Lower Risk
INTC,-0.0008166701882655201,1.3984878365505666,0.4321861358784773,1,2,Balanced / Moderate Risk
INTU,0.00028167366002284256,1.574164186819319,0.36323506063785355,1,2,Balanced / Moderate Risk
INVH,-0.00020332116542418597,0.8408544198520022,0.24799052324479534,0,0,Defensive / Lower Risk
IP,0.0005415461706808692,0.732735817303982,0.29362381502382856,0,0,Defensive / Lower Risk
IQV,-0.00024801599916066146,1.1925519124441621,0.31216426263254526,0,2,Balanced / Moderate Risk
IR,0.0007229967539174936,1.159972464943445,0.286974347804828,0,0,Defensive / Lower Risk
IRM,0.001275661943336228,0.9165151761170194,0.28712253420212763,0,0,Defensive / Lower Risk
ISRG,0.0007238859446563573,1.301603088007438,0.3405115794385899,1,2,Balanced / Moderate Risk
IT,0.0007041797965769302,1.1045069843845503,0.2854618841616871,0,0,Defensive / Lower Risk
ITW,0.00023516981648529035,0.8231117126772737,0.210593068170612,0,0,Defensive / Lower Risk
IVZ,5.572627910531395e-05,1.419706199560565,0.35776881406856087,1,2,Balanced / Moderate Risk
J,0.00033206028392793245,0.872496736446706,0.24444998181111283,0,0,Defensive / Lower Risk
JBHT,-1.6668368262127177e-05,0.9375356057578699,0.29213651938427726,0,2,Balanced / Moderate Risk
JBL,0.0012353767540997664,1.226630058646967,0.36967204076630317,1,2,Balanced / Moderate Risk
JCI,0.0002455022843248851,1.0407183352076739,0.28169647489324356,0,2,Balanced / Moderate Risk
JKHY,0.0001888822774050645,0.6406420640232053,0.23513470510154094,0,0,Defensive / Lower Risk
JNJ,-5.8334427744862744e-05,0.2466103424859076,0.16375891258693256,0,0,Defensive / Lower Risk
JPM,0.0007587550090913901,0.866934994285647,0.2499129613086918,0,0,Defensive / Lower Risk
KDP,-1.177916471695804e-05,0.376477069903816,0.1886897824532969,0,0,Defensive / Lower Risk
KEY,0.00016339239274469576,1.2691596118014015,0.431244378531113,1,2,Balanced / Moderate Risk
KEYS,-0.00011430014836757025,1.207949019303524,0.31264391605280095,0,2,Balanced / Moderate Risk
KHC,4.887158325586601e-05,0.24974002569112835,0.2109514653497132,0,0,Defensive / Lower Risk
KIM,0.00025839225721264834,0.929847635455369,0.2682408772692695,0,0,Defensive / Lower Risk
KKR,0.0012562261019802364,1.6535736191108896,0.3815989445013784,1,1,Aggressive / Higher Risk
KLAC,0.0008969259817289369,1.7582207493981277,0.4247213938405671,1,1,Aggressive / Higher Risk
KMB,0.00010220251288244171,0.2910214864305124,0.18561370236993754,0,0,Defensive / Lower Risk
KMI,0.0010229288877463029,0.6030848288793095,0.2154117704718753,0,0,Defensive / Lower Risk
KO,0.00023339747334968154,0.38923498551569286,0.15619303257803197,0,0,Defensive / Lower Risk
KR,0.0006211918583385983,0.3126631957598645,0.2578169301231254,0,0,Defensive / Lower Risk
L,0.0005926204230245079,0.6621485411510324,0.196085762095371,0,0,Defensive / Lower Risk
LDOS,0.0008057978871452824,0.4969950858254097,0.2539366035741581,0,0,Defensive / Lower Risk
LEN,0.0005618612276848501,1.1910336415251843,0.34676313305806894,1,2,Balanced / Moderate Risk
LH,7.906219660142074e-06,0.6543346868898204,0.23450289513518402,0,0,Defensive / Lower Risk
LHX,0.00019526264587925386,0.4176654732843666,0.24513604613021642,0,0,Defensive / Lower Risk
LII,0.001123146838136114,1.1382703509561827,0.3101588741682323,0,0,Defensive / Lower Risk
LIN,0.0004343808288116526,0.8144510254266829,0.22189710496675594,0,0,Defensive / Lower Risk
LITE,0.00014127120785032663,1.4595056958650097,0.4813657917007286,1,2,Balanced / Moderate Risk
LLY,0.0015915338092775217,0.5756951670694958,0.28785580111236586,0,0,Defensive / Lower Risk
LMT,0.0006110293759612758,0.24386456314532015,0.20952978891943783,0,0,Defensive / Lower Risk
LNT,0.0001831528508248572,0.4404225879463296,0.20956314090696576,0,0,Defensive / Lower Risk
LOW,0.00017331816529479618,0.9540108464940583,0.26788947847426964,0,0,Defensive / Lower Risk
LRCX,0.00044679386004541977,1.845584764174769,0.45122958242919825,1,1,Aggressive / Higher Risk
LULU,0.000315434290953213,1.3591291630736075,0.41002815351624916,1,2,Balanced / Moderate Risk
LUV,-4.473743792329625e-05,0.9622334686480525,0.3505446032171347,0,2,Balanced / Moderate Risk
LVS,0.0007313350479908702,1.089096089774136,0.40701113076568884,1,2,Balanced / Moderate Risk
LYB,0.00010422104603153476,0.7781219584451117,0.260542145884318,0,0,Defensive / Lower Risk
LYV,0.0003316435416413665,1.1752639685567536,0.3496213326364106,0,2,Balanced / Moderate Risk
MA,0.0005941277316966778,0.9747118367891552,0.2299631850666136,0,0,Defensive / Lower Risk
MAA,-0.00025550904146575955,0.7352371878886885,0.23452537218591804,0,0,Defensive / Lower Risk
MAR,0.0009022240557331413,1.0727488475036095,0.2836880750900408,0,0,Defensive / Lower Risk
MAS,0.00030843789031186286,1.0652788476821937,0.29548455625822145,0,2,Balanced / Moderate Risk
MCD,0.0002523249079979413,0.46379871989150023,0.17351160556159093,0,0,Defensive / Lower Risk
MCHP,-0.00017939451920507562,1.6375554653352478,0.39680838206962266,1,2,Balanced / Moderate Risk
MCK,0.0012373659961649622,0.2889213413801839,0.2338625064939414,0,0,Defensive / Lower Risk
MCO,0.0004520865839882783,1.1078228712507359,0.26272683231389693,0,0,Defensive / Lower Risk
MDLZ,3.319835847352179e-05,0.4566737913945976,0.18496011568976528,0,0,Defensive / Lower Risk
MDT,-0.00015574997586168248,0.5893456891582393,0.21553756519238762,0,0,Defensive / Lower Risk
MET,0.0005913729693747076,0.8258832408193043,0.24886156711823462,0,0,Defensive / Lower Risk
META,0.0012124671866033969,1.7240877853403045,0.48722217205819734,1,1,Aggressive / Higher Risk
MGM,-5.9567446154742756e-05,1.4545143058762404,0.3881534629210199,1,2,Balanced / Moderate Risk
MKC,-0.00010638336958018746,0.39350045738506284,0.24125757000816075,0,0,Defensive / Lower Risk
MLM,0.0003912785141046639,1.084042834521327,0.27485954623786996,0,2,Balanced / Moderate Risk
MMM,0.00016036969381783405,0.7837361172427052,0.29565403047549554,0,0,Defensive / Lower Risk
MNST,0.00023669643083243507,0.6938192170238004,0.24897301508533246,0,0,Defensive / Lower Risk
MO,0.0005276268423638992,0.3167021132114059,0.2026174019190182,0,0,Defensive / Lower Risk
MOS,-0.00021063317688214866,0.8897894676910336,0.42262612645193587,0,2,Balanced / Moderate Risk
MPC,0.0013005371867045362,0.6604321965647854,0.321914245632718,0,0,Defensive / Lower Risk
MPWR,0.0008623989554574055,2.1341319614373058,0.5483145645865766,1,1,Aggressive / Higher Risk
MRK,0.0005373300411684361,0.2588208572216157,0.2002633788964946,0,0,Defensive / Lower Risk
MRNA,-0.0015818329460408913,1.4272854972738132,0.603607975793804,1,2,Balanced / Moderate Risk
MRSH,0.0004493341544953076,0.7296232363820494,0.19335410509584092,0,0,Defensive / Lower Risk
MS,0.0006032982653772212,1.076107919175399,0.2822962138810445,0,0,Defensive / Lower Risk
MSCI,0.0002606547028065217,1.238210831514625,0.3233670080693411,0,2,Balanced / Moderate Risk
MSFT,0.0004912331021948404,1.248329117112784,0.2757662033035456,0,2,Balanced / Moderate Risk
MSI,0.0008806726629163416,0.8456541986843953,0.2295020983114907,0,0,Defensive / Lower Risk
MTB,0.0005713050247486308,0.9036358208794683,0.32533590853278627,0,0,Defensive / Lower Risk
MTD,-0.00020948952409883355,1.147513467273489,0.3249177104599484,0,2,Balanced / Moderate Risk
MU,0.00026446044260019147,1.5823041761384382,0.45572270210852495,1,2,Balanced / Moderate Risk
NCLH,0.0008939493197502222,1.8934137971737768,0.5924484348437228,1,1,Aggressive / Higher Risk
NDAQ,0.0003508972620823911,0.823607407491407,0.2368702351213171,0,0,Defensive / Lower Risk
NDSN,-7.795243481955956e-05,0.9424958695190592,0.24906659472074225,0,0,Defensive / Lower Risk
NEE,-6.338579964082684e-05,0.6535748328408933,0.28334579141411503,0,0,Defensive / Lower Risk
NEM,-0.0002594947817615561,0.5072144479777677,0.3595471606021189,0,0,Defensive / Lower Risk
NFLX,0.001035640097345774,1.5109018452300582,0.49047705741112335,1,1,Aggressive / Higher Risk
NI,0.0006128861742684999,0.49890045217774753,0.2091287309972814,0,0,Defensive / Lower Risk
NKE,-0.0007407007296773637,1.14282983619624,0.3435073684473363,0,2,Balanced / Moderate Risk
NOC,0.00044487086159327734,0.27641778205200035,0.24658668067496198,0,0,Defensive / Lower Risk
NOW,0.0010393951065029799,1.6093263663705946,0.4189446638854594,1,1,Aggressive / Higher Risk
NRG,0.0013429254696218102,0.8665868358352639,0.3342457870353148,0,0,Defensive / Lower Risk
NSC,-6.413443828053713e-05,0.834431085496554,0.2651423249509418,0,0,Defensive / Lower Risk
NTAP,0.0005917003368540282,1.0516033030787588,0.3106742094144827,0,2,Balanced / Moderate Risk
NTRS,0.00010233372073444268,1.0602842893180842,0.30623689094693307,0,2,Balanced / Moderate Risk
NUE,0.00038874273381169817,1.1621089699513647,0.3812905749532266,0,2,Balanced / Moderate Risk
NVDA,0.002588282465067075,2.2685164374931595,0.5527098820618971,2,1,Aggressive / Higher Risk
NVR,0.000624182180550853,1.0218144007917098,0.2818594954029194,0,0,Defensive / Lower Risk
NWS,0.00058511797751967,1.0299684424044602,0.29005058371875575,0,0,Defensive / Lower Risk
NWSA,0.00045630916491979875,1.040952425358657,0.2872413386129991,0,0,Defensive / Lower Risk
NXPI,0.0002250502203609731,1.5762359898620413,0.3821465435507771,1,2,Balanced / Moderate Risk
O,-0.00010662378596459747,0.5116166706250933,0.19821444505998978,0,0,Defensive / Lower Risk
ODFL,0.0003049629784098761,1.2397192696472061,0.3631132647489817,0,2,Balanced / Moderate Risk
OKE,0.0010540966012843093,0.8547903212154125,0.2709067343593517,0,0,Defensive / Lower Risk
OMC,0.00048392591013006085,0.8442770301283177,0.27170203635526924,0,0,Defensive / Lower Risk
ON,0.00039093664033758627,1.9665561821360016,0.5172461626625224,1,1,Aggressive / Higher Risk
ORCL,0.0011003828572926143,1.0082765322519494,0.31020815031338134,0,0,Defensive / Lower Risk
ORLY,0.0008177631299903404,0.5255942097888004,0.2332013383804413,0,0,Defensive / Lower Risk
OTIS,0.0002583783969710106,0.8341204656968959,0.21568760979318669,0,0,Defensive / Lower Risk
OXY,0.000944998670861131,0.682984819596327,0.3779518509546088,0,0,Defensive / Lower Risk
PANW,0.0013142334694071106,1.2516353704116239,0.43684497249338466,1,1,Aggressive / Higher Risk
PAYX,0.0002777887800537187,0.9036802146829882,0.23419623742739365,0,0,Defensive / Lower Risk
PCAR,0.0010511104028613843,0.8003334042346315,0.2516828149127347,0,0,Defensive / Lower Risk
PCG,0.0008087196533694853,0.6847155855037597,0.26137610295200475,0,0,Defensive / Lower Risk
PEG,0.0005485519071180977,0.5276133589252164,0.20951347305349188,0,0,Defensive / Lower Risk
PEP,9.669545430343006e-07,0.38288236033282647,0.17039757591573915,0,0,Defensive / Lower Risk
PFE,-0.0007100659748549464,0.4515448569458913,0.24410797125413117,0,0,Defensive / Lower Risk
PFG,0.00035381423126327273,0.9708766070686518,0.2656656625547252,0,0,Defensive / Lower Risk
PG,0.00019837576175798624,0.37309175465505834,0.17588434301049433,0,0,Defensive / Lower Risk
PGR,0.001284479470044187,0.4513222460221078,0.2566922039076388,0,0,Defensive / Lower Risk
PH,0.0011464220697462962,1.1385323624275256,0.2823755690234298,0,0,Defensive / Lower Risk
PHM,0.001172167413226152,1.2318007394434816,0.3554787939039252,1,2,Balanced / Moderate Risk
PKG,0.0009332867899911702,0.7263232741553537,0.2475857706565614,0,0,Defensive / Lower Risk
PLD,-0.0003147943544614964,1.0198737360661325,0.2867568000402725,0,2,Balanced / Moderate Risk
PLTR,0.002795670737993282,2.189588018492733,0.6909324774198844,2,1,Aggressive / Higher Risk
PM,0.0005971624419698447,0.388285673577547,0.2075036864829721,0,0,Defensive / Lower Risk
PNC,0.00021762767937265397,0.9894992478032522,0.2870297564652554,0,2,Balanced / Moderate Risk
PNR,0.0006889964118716192,1.1218780010607208,0.29113099075773063,0,0,Defensive / Lower Risk
PNW,0.0005334702591234964,0.4309102186088321,0.21466848322618978,0,0,Defensive / Lower Risk
PODD,0.00032740148019138774,1.2202379173222369,0.45323800903495093,1,2,Balanced / Moderate Risk
POOL,-0.0003373135627046692,1.202971173771599,0.3569180721720682,0,2,Balanced / Moderate Risk
PPG,-0.00025351867486886234,1.018293861189349,0.2686691974595385,0,2,Balanced / Moderate Risk
PPL,0.00031330773534774556,0.5133194559670622,0.19708615552588463,0,0,Defensive / Lower Risk
PRU,0.0004228302788068053,0.9531491565282206,0.256952149307127,0,0,Defensive / Lower Risk
PSA,5.643633671298357e-05,0.68952803562392,0.25167842799708434,0,0,Defensive / Lower Risk
PSKY,-0.0007669117047356366,1.221546688300264,0.5564984555650757,1,2,Balanced / Moderate Risk
PSX,0.0008907066637737292,0.6032213745265005,0.31595012157347524,0,0,Defensive / Lower Risk
PTC,0.0006937484332308389,1.1222995883823343,0.2849196324839596,0,0,Defensive / Lower Risk
PWR,0.0016021787014222557,1.1291110454547797,0.33285426732144535,0,0,Defensive / Lower Risk
PYPL,-0.000696616361157806,1.5202936470176889,0.4452079149152373,1,2,Balanced / Moderate Risk
QCOM,0.00014165980615840504,1.591832695637816,0.3937187424795565,1,2,Balanced / Moderate Risk
RCL,0.001868649988140436,1.6508841445791949,0.485755541335972,1,1,Aggressive / Higher Risk
REG,0.00023836323595256275,0.8245919532112976,0.2384530600157,0,0,Defensive / Lower Risk
REGN,0.0003124885081765473,0.5863286960358751,0.27039662347846144,0,0,Defensive / Lower Risk
RF,0.00043702631031909824,1.0672406352871917,0.3316826758124542,0,2,Balanced / Moderate Risk
RJF,0.0007709318834899512,1.0212096672918567,0.29016591253370055,0,0,Defensive / Lower Risk
RL,0.0012068940708141634,1.2192397771602657,0.3572869184907719,1,2,Balanced / Moderate Risk
RMD,0.0001032222578169686,0.8933781378001565,0.3437133198888267,0,2,Balanced / Moderate Risk
ROK,5.6964098222036365e-05,1.1706553953885321,0.32565880985627477,0,2,Balanced / Moderate Risk
ROL,0.0006018379111494195,0.5635910836107796,0.24777297144293828,0,0,Defensive / Lower Risk
ROP,0.00022451206805201496,0.7899436492026933,0.2025463457831905,0,0,Defensive / Lower Risk
ROST,0.0006295078929333271,0.9785552461376548,0.31154698679551357,0,0,Defensive / Lower Risk
RSG,0.0006384092714430498,0.48162558760773877,0.17804163382395977,0,0,Defensive / Lower Risk
RTX,0.0005792462151185201,0.5602107919130054,0.2279777208136544,0,0,Defensive / Lower Risk
RVTY,-0.0004994502368019324,1.0419269940507,0.32774295067524506,0,2,Balanced / Moderate Risk
SATS,0.00043741542805441854,0.9391886366612948,0.569936758315433,1,2,Balanced / Moderate Risk
SBAC,-0.0005954974832243004,0.7893816077769377,0.29806213055511066,0,2,Balanced / Moderate Risk
SBUX,-2.6997035539184716e-05,0.9885987869231545,0.3263855292936583,0,2,Balanced / Moderate Risk
SCHW,0.00010957010648058074,0.964989109621605,0.35312409771738035,0,2,Balanced / Moderate Risk
SHW,0.0001950115916358031,0.8959763109545671,0.2794082879133804,0,0,Defensive / Lower Risk
SJM,-6.487331411728406e-05,0.19658940888869356,0.2199940204535896,0,0,Defensive / Lower Risk
SLB,0.0006148598209667438,0.6936473081697708,0.37871480932664564,0,0,Defensive / Lower Risk
SMCI,0.004105998213394311,1.855255335378111,0.9019571764414044,2,1,Aggressive / Higher Risk
SNA,0.0008357876016058227,0.7917378539094031,0.23911351891532057,0,0,Defensive / Lower Risk
SNPS,0.0006504257917753991,1.4546478424965819,0.3604434600409849,1,2,Balanced / Moderate Risk
SO,0.00048001912527935746,0.37587285686812993,0.19607739811798,0,0,Defensive / Lower Risk
SPG,0.00046739479320846624,0.9813042643455198,0.2678564483547636,0,0,Defensive / Lower Risk
SPGI,0.0002477870702236467,0.9533095941497385,0.2359065023404041,0,0,Defensive / Lower Risk
SRE,0.0005879991814169329,0.5136274487140499,0.20753118023413555,0,0,Defensive / Lower Risk
STE,-3.4834153882392186e-05,0.8262113505387956,0.2723490567662458,0,0,Defensive / Lower Risk
STLD,0.0011735648531257731,1.1204394901885455,0.38428985151230843,1,2,Balanced / Moderate Risk
STT,0.0003787696224931932,1.1555314427283059,0.31609187460342886,0,2,Balanced / Moderate Risk
STX,5.459925878357277e-05,1.2366477048620754,0.36513135104994304,0,2,Balanced / Moderate Risk
STZ,-3.090598211354795e-05,0.534632453286328,0.21212316700966444,0,0,Defensive / Lower Risk
SW,0.0005138879001296058,0.5354268605561158,0.4816636974885275,0,2,Balanced / Moderate Risk
SWK,-0.0007098435565055515,1.1483643220691144,0.3668533322659112,0,2,Balanced / Moderate Risk
SWKS,-0.00040844773478886115,1.5112638029559358,0.3706080000960602,1,2,Balanced / Moderate Risk
SYF,0.0008107082503882708,1.3021003321784184,0.3759816295397653,1,2,Balanced / Moderate Risk
SYK,0.0005577906595082564,0.8936755083835803,0.25030110433863184,0,0,Defensive / Lower Risk
SYY,0.0001615334724240348,0.6708815577985201,0.22493522721277284,0,0,Defensive / Lower Risk
T,0.0006131184743354543,0.3792131950217872,0.2506812868288867,0,0,Defensive / Lower Risk
TAP,0.0004945934020600382,0.470863988087514,0.24964054840586755,0,0,Defensive / Lower Risk
TDG,0.001212013674403684,1.0890731584328774,0.27405001124159856,0,0,Defensive / Lower Risk
TDY,0.00018392948303323022,0.8961474664583553,0.24471898892644936,0,0,Defensive / Lower Risk
TECH,-0.0004180010438937313,1.1680978780097815,0.36734475924121635,0,2,Balanced / Moderate Risk
TEL,4.250451636128937e-05,1.139769434868741,0.25756306109284083,0,2,Balanced / Moderate Risk
TER,3.651175462789741e-05,1.7633062848448415,0.4382432504626629,1,2,Balanced / Moderate Risk
TFC,1.9329099391851685e-06,1.1061523146017394,0.3441853471486296,0,2,Balanced / Moderate Risk
TGT,-0.00030228247459424294,1.0090802201572442,0.3861181878522975,0,2,Balanced / Moderate Risk
TJX,0.000795016985783678,0.7851529288343324,0.2335963277303553,0,0,Defensive / Lower Risk
TKO,0.0016710015076816323,0.5436844891004491,0.32972085514565797,0,0,Defensive / Lower Risk
TMO,-0.0001472112112496762,0.9045656542011266,0.25477995741635284,0,0,Defensive / Lower Risk
TMUS,0.000999411698495592,0.5643528328287694,0.22510234150957587,0,0,Defensive / Lower Risk
TPL,0.0017336889113869303,0.8373055040173112,0.4506664176297112,1,1,Aggressive / Higher Risk
TPR,0.0010643340501603272,1.2379871076431759,0.3974046528004361,1,2,Balanced / Moderate Risk
TRGP,0.0018922116000016987,0.8839223302933841,0.3110186357015739,0,0,Defensive / Lower Risk
TRMB,-3.3504328737116084e-05,1.4077541300430592,0.3470090914693394,1,2,Balanced / Moderate Risk
TROW,-0.0003403831236890703,1.4264549952904735,0.32553739345864247,1,2,Balanced / Moderate Risk
TRV,0.0007617235477626098,0.46232949002241414,0.22392823621939179,0,0,Defensive / Lower Risk
TSCO,0.000391949323037059,0.8562348884182047,0.28542970888738206,0,0,Defensive / Lower Risk
TSLA,0.0007548441559422837,1.957041181744482,0.6130379418250761,1,1,Aggressive / Higher Risk
TSN,-0.000308737115071614,0.4397186150402583,0.2559419782662006,0,0,Defensive / Lower Risk
TT,0.001052851209240501,1.0169940848801653,0.2707508294754681,0,0,Defensive / Lower Risk
TTD,0.0011564889463110566,2.237122962451286,0.6476654012244775,1,1,Aggressive / Higher Risk
TTWO,0.0002599768021573665,0.9223973575088259,0.3323561914019404,0,2,Balanced / Moderate Risk
TXN,0.00024862236684034715,1.1605588851447355,0.2796493264991141,0,2,Balanced / Moderate Risk
TXT,0.00015478637165007683,1.039770622807416,0.27352067861633556,0,2,Balanced / Moderate Risk
TYL,0.00032536941208019104,1.1906542028213547,0.31654365903918613,0,2,Balanced / Moderate Risk
UAL,0.0014228661885002836,1.3919309416571406,0.4576725673260778,1,1,Aggressive / Higher Risk
UBER,0.0008820210022731568,1.4963337173855267,0.48460413153041254,1,1,Aggressive / Higher Risk
UDR,-0.00016140599998734452,0.7761955608504841,0.2395525913911196,0,0,Defensive / Lower Risk
UHS,0.0006295610905362476,0.8683394010765052,0.31657445304170334,0,0,Defensive / Lower Risk
ULTA,0.00028790270903850985,0.8888020520659052,0.3320314991759292,0,2,Balanced / Moderate Risk
UNH,0.00018519348484739466,0.4380620441703413,0.24405529574686552,0,0,Defensive / Lower Risk
UNP,8.814177194580536e-05,0.6944650901457907,0.2324190302312811,0,0,Defensive / Lower Risk
UPS,-0.0003922701024055236,0.8776826917015815,0.27436318233648693,0,2,Balanced / Moderate Risk
URI,0.001327742329640273,1.4326784821416056,0.3836898624403686,1,1,Aggressive / Higher Risk
USB,0.00015215381606477178,0.9811230165440818,0.32136191340380965,0,2,Balanced / Moderate Risk
V,0.0006012041707916902,0.8666659294230498,0.22215049501959447,0,0,Defensive / Lower Risk
VICI,0.0002695382334940353,0.7152122172313293,0.2182624814109775,0,0,Defensive / Lower Risk
VLO,0.0010048930126225085,0.6106299477478959,0.3623560400759928,0,0,Defensive / Lower Risk
VMC,0.00045291488264613794,1.015647475038241,0.2627165202981928,0,0,Defensive / Lower Risk
VRSK,0.00041542632475292306,0.709634865488544,0.2257497705034578,0,0,Defensive / Lower Risk
VRSN,-0.00013426331141111602,0.9423626720527577,0.2529999473181764,0,0,Defensive / Lower Risk
VRT,0.002856652177925484,2.0609141639864577,0.6298262858573673,2,1,Aggressive / Higher Risk
VRTX,0.0009365406656410059,0.6391455183422897,0.2727671425772775,0,0,Defensive / Lower Risk
VST,0.0028365537867093907,1.0039857744384777,0.4193513912897107,1,1,Aggressive / Higher Risk
VTR,0.000451742548401063,0.6976910517354956,0.26346597890638934,0,0,Defensive / Lower Risk
VTRS,0.00022206872638201502,0.7675252630619358,0.33365332971448636,0,0,Defensive / Lower Risk
VZ,-1.0976712586391943e-05,0.32477958932976797,0.22283276865017254,0,0,Defensive / Lower Risk
WAB,0.001107813029207201,0.9716859014244743,0.2529241424780221,0,0,Defensive / Lower Risk
WAT,0.00023255614131768425,0.9876104468449197,0.32740478105977366,0,2,Balanced / Moderate Risk
WBD,-0.0005436677612935284,1.347002882090456,0.5571467929287612,1,2,Balanced / Moderate Risk
WDAY,0.00027327825248214517,1.3492755504252338,0.3919592379043671,1,2,Balanced / Moderate Risk
WDC,0.00021093548252564519,1.4398224032650515,0.4177445095755679,1,2,Balanced / Moderate Risk
WEC,0.0001899226461632835,0.37776445899245475,0.20117021155901468,0,0,Defensive / Lower Risk
WELL,0.000741516303600943,0.6304209478229222,0.24001726787017463,0,0,Defensive / Lower Risk
WFC,0.0007182174338659987,0.9680273181160286,0.3011091382279523,0,0,Defensive / Lower Risk
WM,0.00041955039568201366,0.4288094495676817,0.18770583589550993,0,0,Defensive / Lower Risk
WMB,0.0012525153896032943,0.602220305531727,0.22907271166900778,0,0,Defensive / Lower Risk
WMT,0.0009773675622646119,0.4079689185039517,0.20626709981746402,0,0,Defensive / Lower Risk
WRB,0.0008354610324439865,0.4686729760636318,0.2299492774158677,0,0,Defensive / Lower Risk
WSM,0.0015795950121692394,1.4220723917411509,0.48072474748800936,1,1,Aggressive / Higher Risk
WST,-0.00012569104592756024,1.0639952833260353,0.3713042843775395,0,2,Balanced / Moderate Risk
WTW,0.0005329332270628008,0.6670942545537731,0.22240934651666525,0,0,Defensive / Lower Risk
WY,-0.00017219969551590265,0.9267048115679822,0.2593349345958755,0,2,Balanced / Moderate Risk
WYNN,0.0003512189865559974,1.2293479058373706,0.4217661168248356,1,2,Balanced / Moderate Risk
XEL,0.00020410262211566,0.39535743418559155,0.21496433920045888,0,0,Defensive / Lower Risk
XOM,0.0009884471602974146,0.46512604331462354,0.2722538013071691,0,0,Defensive / Lower Risk
XYL,0.0001872473681631984,1.0677016620511233,0.2726849178676824,0,2,Balanced / Moderate Risk
XYZ,-3.373741519189696e-05,2.5447844213264865,0.6538248431311217,1,1,Aggressive / Higher Risk
YUM,0.00012567434911627974,0.633409990889238,0.19133512453364004,0,0,Defensive / Lower Risk
ZBH,-7.570050036257768e-05,0.7365032281773665,0.24515684025729828,0,0,Defensive / Lower Risk
ZBRA,-0.0002282732810674201,1.5001893782684321,0.40005015705222824,1,2,Balanced / Moderate Risk
ZTS,-0.0002962228147264541,0.9166107392852586,0.27501572828162224,0,2,Balanced / Moderate Risk
